"id","firstName","lastName","city","state","country","companyName","jobTitle","email"
1,"Yvonne","Hirthe","Apple Valley","Connecticut","Greenland","Gislason, Willms and Hamill","Future Intranet Designer","yhirthefake@gislasonwillmsandhamillfake.com"
2,"Myah","Gislason","Armstrongshire","Connecticut","Guam","Wehner - Kunze","Dynamic Communications Architect","mgislasonfake@wehner-kunzefake.com"
3,"Mossie","DuBuque","O'Connellland","West Virginia","Turkmenistan","Green - Blick","Forward Response Manager","mdubuquefake@green-blickfake.com"
4,"Laisha","O'Hara","Botsfordmouth","Hawaii","Colombia","Boehm Group","Central Mobility Liaison","lo'harafake@boehmgroupfake.com"
5,"Julio","Will","Port Ashlynnfurt","Louisiana","Cambodia","Willms - Witting","Product Data Agent","jwillfake@willms-wittingfake.com"
6,"Marquise","Glover","Port Stanford","Connecticut","Cuba","Watsica - Kutch","Senior Solutions Agent","mgloverfake@watsica-kutchfake.com"
7,"Carey","Donnelly","Lake Aditya","Alabama","Anguilla","Daniel Inc","International Usability Designer","cdonnellyfake@danielincfake.com"
8,"Stephanie","Homenick","Sporerfort","Virginia","Senegal","O'Kon, Conroy and Beier","International Branding Representative","shomenickfake@okonconroyandbeierfake.com"
9,"Reba","Grant","El Monte","Alabama","Congo","Barton - Daniel","National Research Consultant","rgrantfake@barton-danielfake.com"
10,"Domenica","Weimann","Joanyberg","Maryland","Bhutan","Rippin, Adams and Wyman","International Configuration Designer","dweimannfake@rippinadamsandwymanfake.com"
11,"Alexa","Nitzsche","East Macey","Texas","Sri Lanka","Morar - Champlin","Investor Group Developer","anitzschefake@morar-champlinfake.com"
12,"Alexis","Waelchi","South Joshuahhaven","Iowa","India","Harris, Gaylord and Gulgowski","International Factors Director","awaelchifake@harrisgaylordandgulgowskifake.com"
13,"Palma","McKenzie","West Peytontown","Virginia","Antarctica (the territory South of 60 deg S)","Strosin - Keebler","Corporate Solutions Liaison","pmckenziefake@strosin-keeblerfake.com"
14,"Ford","Bogan","Wiegandtown","South Carolina","United States of America","Considine and Sons","District Mobility Specialist","fboganfake@considineandsonsfake.com"
15,"Linnea","Schultz","Towneburgh","Michigan","Lao People's Democratic Republic","Nader and Sons","Investor Assurance Director","lschultzfake@naderandsonsfake.com"
16,"Omer","Gutmann","Joliestad","Colorado","Morocco","Armstrong - Abbott","Senior Research Analyst","ogutmannfake@armstrong-abbottfake.com"
17,"Elfrieda","Howell","Lake Cynthiaberg","Ohio","Nigeria","Pfeffer Inc","Lead Mobility Orchestrator","ehowellfake@pfefferincfake.com"
18,"Oren","Okuneva","Lehnerfort","Kentucky","American Samoa","Daniel, Yost and Dickens","Dynamic Accountability Facilitator","ookunevafake@danielyostanddickensfake.com"
19,"Jewell","Jones","Port Theodoreburgh","Nevada","Slovakia (Slovak Republic)","Fisher, McLaughlin and Stroman","National Security Technician","jjonesfake@fishermclaughlinandstromanfake.com"
20,"Providenci","Haag","Clarksville","Vermont","Holy See (Vatican City State)","Gorczany - Cartwright","Global Research Supervisor","phaagfake@gorczany-cartwrightfake.com"
21,"Braulio","Marquardt","Juleston","Oklahoma","Gibraltar","Raynor, Armstrong and Tillman","Lead Interactions Supervisor","bmarquardtfake@raynorarmstrongandtillmanfake.com"
22,"Keshaun","Champlin","Lake Melody","Wisconsin","Holy See (Vatican City State)","Powlowski - Boyle","Internal Factors Architect","kchamplinfake@powlowski-boylefake.com"
23,"Isabella","Willms","North Hipolito","Washington","Cote d'Ivoire","Ullrich - Ryan","Regional Implementation Administrator","iwillmsfake@ullrich-ryanfake.com"
24,"Isaias","Rowe","Satterfieldmouth","New York","Hungary","Wilderman LLC","Lead Usability Strategist","irowefake@wildermanllcfake.com"
25,"Kennith","Douglas","West Bryce","Tennessee","Zambia","Torphy LLC","Senior Metrics Liaison","kdouglasfake@torphyllcfake.com"
26,"Whitney","Jones","Howellchester","Wisconsin","Somalia","Ortiz - Connelly","Legacy Program Supervisor","wjonesfake@ortiz-connellyfake.com"
27,"Kailyn","Doyle","Peoria","Virginia","Cayman Islands","Watsica Inc","District Integration Strategist","kdoylefake@watsicaincfake.com"
28,"Judy","Volkman","Springfield","Texas","Mayotte","Padberg, Schiller and Padberg","Investor Data Consultant","jvolkmanfake@padbergschillerandpadbergfake.com"
29,"Jarred","Connelly","East Luciousmouth","Louisiana","Albania","Price - Mitchell","Central Configuration Strategist","jconnellyfake@price-mitchellfake.com"
30,"Shea","Hettinger","Dietrichbury","Wyoming","Germany","Bernier, Cole and Feest","Forward Communications Associate","shettingerfake@berniercoleandfeestfake.com"
31,"Rafael","Gleichner","Idaho Falls","North Dakota","Antarctica (the territory South of 60 deg S)","Roob, Murphy and Breitenberg","Future Integration Strategist","rgleichnerfake@roobmurphyandbreitenbergfake.com"
32,"Susan","Reilly","North Granville","Nevada","Nauru","Sporer - Batz","Senior Interactions Executive","sreillyfake@sporer-batzfake.com"
33,"Dorcas","Kertzmann","Brandonside","Maine","Cameroon","Satterfield, Fritsch and Bergstrom","International Accountability Assistant","dkertzmannfake@satterfieldfritschandbergstromfake.com"
34,"Duncan","Williamson","Bogisichburgh","Wyoming","Virgin Islands, U.S.","Torphy - Schmitt","Customer Division Developer","dwilliamsonfake@torphy-schmittfake.com"
35,"Beverly","Kerluke","West Ryder","Kansas","Egypt","Kuhlman, Emard and Aufderhar","International Configuration Analyst","bkerlukefake@kuhlmanemardandaufderharfake.com"
36,"Myrtie","Kohler","Collierville","Louisiana","Greece","Rolfson - Nader","Legacy Usability Orchestrator","mkohlerfake@rolfson-naderfake.com"
37,"Emmett","Monahan","Conroyburgh","Missouri","Montenegro","Beatty - Stroman","Human Identity Planner","emonahanfake@beatty-stromanfake.com"
38,"Matt","Schmitt","Bauchfurt","Idaho","Guadeloupe","MacGyver, Langworth and Gaylord","Regional Operations Technician","mschmittfake@macgyverlangworthandgaylordfake.com"
39,"Ashly","Luettgen","North Herta","Washington","Papua New Guinea","Hermann, Schneider and Larkin","Customer Implementation Consultant","aluettgenfake@hermannschneiderandlarkinfake.com"
40,"Alvis","Veum","Ethelynbury","California","Honduras","Hoppe, Rohan and Ritchie","Dynamic Marketing Executive","aveumfake@hopperohanandritchiefake.com"
41,"Savannah","Braun","Fairfield","Massachusetts","Suriname","Reinger, Farrell and Kunde","Future Assurance Engineer","sbraunfake@reingerfarrellandkundefake.com"
42,"Yadira","Heidenreich","Kareemport","Oregon","Namibia","Mann Inc","Forward Marketing Consultant","yheidenreichfake@mannincfake.com"
43,"Lina","Ward","East Liahaven","Missouri","South Georgia and the South Sandwich Islands","Hegmann, Medhurst and Skiles","Internal Program Strategist","lwardfake@hegmannmedhurstandskilesfake.com"
44,"Eugenia","McGlynn","New Ramiro","Maine","Thailand","Tromp - Cole","Direct Factors Officer","emcglynnfake@tromp-colefake.com"
45,"Buster","Purdy","West Vallie","New Hampshire","Philippines","Kunze Inc","Corporate Division Analyst","bpurdyfake@kunzeincfake.com"
46,"Alana","Mosciski","Wileybury","Idaho","Greenland","Corkery, Casper and Towne","Corporate Brand Facilitator","amosciskifake@corkerycasperandtownefake.com"
47,"Conrad","Schroeder","Mrazstad","Missouri","India","Parisian - Corwin","Forward Configuration Consultant","cschroederfake@parisian-corwinfake.com"
48,"Cortney","Jacobi","Jakobton","Oregon","Uzbekistan","Kshlerin - Gibson","Customer Configuration Director","cjacobifake@kshlerin-gibsonfake.com"
49,"Milford","Johnston","Lake Mateoberg","Maine","Argentina","Bergnaum, Bartoletti and Grant","Corporate Implementation Architect","mjohnstonfake@bergnaumbartolettiandgrantfake.com"
50,"Pamela","Nikolaus","Rocklin","Montana","Uruguay","Beier and Sons","Principal Paradigm Officer","pnikolausfake@beierandsonsfake.com"
51,"Danika","Goldner","Lakewood","West Virginia","Solomon Islands","Koss, Heller and Boehm","Senior Mobility Specialist","dgoldnerfake@kosshellerandboehmfake.com"
52,"Maud","Breitenberg","Jonesmouth","Maryland","Uruguay","Kunde and Sons","Senior Interactions Architect","mbreitenbergfake@kundeandsonsfake.com"
53,"Lela","Brekke","Elwynfurt","North Dakota","American Samoa","Bruen - Dickinson","Global Marketing Assistant","lbrekkefake@bruen-dickinsonfake.com"
54,"Vergie","Shanahan","Landenport","Alabama","Nauru","Schulist, Gulgowski and Pacocha","District Markets Executive","vshanahanfake@schulistgulgowskiandpacochafake.com"
55,"Cullen","Wilkinson","Zakarymouth","Texas","Wallis and Futuna","Casper, Hartmann and Corwin","Corporate Communications Orchestrator","cwilkinsonfake@casperhartmannandcorwinfake.com"
56,"Lane","Glover","Coral Springs","Maryland","Thailand","Hickle - Trantow","Global Operations Developer","lgloverfake@hickle-trantowfake.com"
57,"Elmo","Mraz","Fort Worth","California","Faroe Islands","Harris - Stanton","Lead Brand Orchestrator","emrazfake@harris-stantonfake.com"
58,"Osvaldo","Franecki","Geoburgh","California","Heard Island and McDonald Islands","Waters Group","Principal Quality Analyst","ofraneckifake@watersgroupfake.com"
59,"Cristopher","Ebert","Weston","Colorado","Hong Kong","O'Conner - Mann","Human Usability Developer","cebertfake@oconner-mannfake.com"
60,"Raphael","Satterfield","West Rogersside","Texas","Germany","Weissnat, Nolan and Collins","Direct Operations Engineer","rsatterfieldfake@weissnatnolanandcollinsfake.com"
61,"Enrico","Barrows","West Keontown","Missouri","Aruba","Nitzsche, Johnson and Zemlak","Dynamic Configuration Officer","ebarrowsfake@nitzschejohnsonandzemlakfake.com"
62,"Gerald","Yost","Lake Andreanne","Montana","Armenia","Franecki, Halvorson and Carroll","Regional Markets Analyst","gyostfake@franeckihalvorsonandcarrollfake.com"
63,"Estella","Koss","Port Kiel","Mississippi","Saint Pierre and Miquelon","Nienow Group","Chief Program Specialist","ekossfake@nienowgroupfake.com"
64,"Winifred","Jacobs","Skyefort","New Mexico","Ukraine","Mueller, Gusikowski and Lynch","Global Creative Planner","wjacobsfake@muellergusikowskiandlynchfake.com"
65,"Kobe","Crona","North Archibaldport","Maryland","Indonesia","Daugherty and Sons","Forward Quality Manager","kcronafake@daughertyandsonsfake.com"
66,"Lenna","Reichel","Kemmertown","Colorado","Tunisia","DuBuque, Baumbach and Reinger","Human Intranet Director","lreichelfake@dubuquebaumbachandreingerfake.com"
67,"Annabelle","Ferry","Riverton","New Jersey","Nepal","Gorczany Group","Product Research Orchestrator","aferryfake@gorczanygroupfake.com"
68,"Luisa","Hermann","Cassidyfurt","Indiana","Mayotte","Bernier - McLaughlin","Dynamic Paradigm Orchestrator","lhermannfake@bernier-mclaughlinfake.com"
69,"Maverick","Lockman","Satterfieldside","West Virginia","Uzbekistan","Turner - Morissette","Dynamic Infrastructure Agent","mlockmanfake@turner-morissettefake.com"
70,"Bobby","Schimmel","Kerlukefort","Rhode Island","Chile","Greenholt, Tillman and Gerhold","Global Usability Assistant","bschimmelfake@greenholttillmanandgerholdfake.com"
71,"Alta","Schinner","Clydestad","Ohio","Kuwait","Huels Group","Direct Infrastructure Administrator","aschinnerfake@huelsgroupfake.com"
72,"Jasen","Lemke","Schmelerberg","Missouri","Macedonia","Zieme - Grant","Product Group Executive","jlemkefake@zieme-grantfake.com"
73,"Louisa","Erdman","West Courtneyburgh","Oklahoma","United States Minor Outlying Islands","Kertzmann - Zieme","Dynamic Branding Officer","lerdmanfake@kertzmann-ziemefake.com"
74,"Reta","Hand","East Celia","Delaware","Colombia","Berge - Armstrong","Lead Accountability Officer","rhandfake@berge-armstrongfake.com"
75,"Edna","Bauch","Arturoberg","Ohio","Fiji","Funk, Dicki and Altenwerth","Regional Division Planner","ebauchfake@funkdickiandaltenwerthfake.com"
76,"Amos","Baumbach","St. Paul","Hawaii","Colombia","Fritsch, Hirthe and McGlynn","Product Factors Analyst","abaumbachfake@fritschhirtheandmcglynnfake.com"
77,"Katlyn","Borer","South Brenna","Alabama","Greece","Fritsch and Sons","Customer Marketing Orchestrator","kborerfake@fritschandsonsfake.com"
78,"Chadrick","Roob","Port Evangeline","West Virginia","Brazil","Volkman - Towne","Global Assurance Designer","croobfake@volkman-townefake.com"
79,"William","Rempel","Roseville","Nebraska","Lesotho","Herman, Raynor and Greenholt","Dynamic Infrastructure Engineer","wrempelfake@hermanraynorandgreenholtfake.com"
80,"Candace","Schiller","Hettingermouth","Florida","Chad","Monahan Inc","Human Integration Developer","cschillerfake@monahanincfake.com"
81,"Pasquale","Stamm","Chelseamouth","Colorado","Iceland","Lueilwitz, Blick and Veum","Customer Factors Specialist","pstammfake@lueilwitzblickandveumfake.com"
82,"Felton","Stanton","Hudsonside","West Virginia","Cook Islands","Donnelly, Boyle and Kuhn","Dynamic Communications Supervisor","fstantonfake@donnellyboyleandkuhnfake.com"
83,"Kelly","Runte","Beavercreek","Oregon","Dominican Republic","Kilback, Kuphal and Hauck","Global Implementation Designer","kruntefake@kilbackkuphalandhauckfake.com"
84,"Trever","Ruecker","Port Fidel","North Carolina","Ireland","Beatty and Sons","Internal Branding Planner","trueckerfake@beattyandsonsfake.com"
85,"Cecil","Powlowski","West Breana","Pennsylvania","Norfolk Island","Ondricka Inc","Legacy Infrastructure Assistant","cpowlowskifake@ondrickaincfake.com"
86,"Letha","Reinger","West Joyce","Idaho","Northern Mariana Islands","Lubowitz, Conn and Ankunding","Senior Marketing Technician","lreingerfake@lubowitzconnandankundingfake.com"
87,"Erica","Hammes","Hamillmouth","Massachusetts","Tunisia","Gottlieb Group","International Implementation Manager","ehammesfake@gottliebgroupfake.com"
88,"Wyatt","Heathcote","Franzview","Nevada","Cocos (Keeling) Islands","Goyette, Osinski and Hills","Senior Interactions Administrator","wheathcotefake@goyetteosinskiandhillsfake.com"
89,"Sean","Schiller","Blaine","Arizona","Finland","Homenick Inc","District Security Liaison","sschillerfake@homenickincfake.com"
90,"Ulises","Howell","Concord","Kentucky","Montenegro","Cremin - Simonis","Future Applications Manager","uhowellfake@cremin-simonisfake.com"
91,"Alyson","Lang","Nathenborough","Idaho","Canada","Schmeler LLC","Senior Usability Technician","alangfake@schmelerllcfake.com"
92,"Baylee","Goldner","Worcester","Mississippi","El Salvador","Leuschke - Keebler","Senior Security Engineer","bgoldnerfake@leuschke-keeblerfake.com"
93,"Sierra","Koepp","Lorenabury","Massachusetts","Antarctica (the territory South of 60 deg S)","Jacobi, Mante and Johnston","Lead Group Specialist","skoeppfake@jacobimanteandjohnstonfake.com"
94,"Napoleon","Kozey","South Deborahberg","Kentucky","Maldives","Thiel Group","Lead Quality Director","nkozeyfake@thielgroupfake.com"
95,"Hester","Waters","Angelberg","North Dakota","Belize","Jenkins, Kassulke and Walsh","National Markets Facilitator","hwatersfake@jenkinskassulkeandwalshfake.com"
96,"Darlene","Gutmann","West Cristian","Wyoming","Bahamas","Vandervort, Grimes and Heidenreich","Regional Configuration Facilitator","dgutmannfake@vandervortgrimesandheidenreichfake.com"
97,"Enola","Towne","East Colleenchester","Kansas","Comoros","Haag, Witting and Koss","Senior Directives Agent","etownefake@haagwittingandkossfake.com"
98,"Jeramie","Littel","Poway","Maine","Germany","Russel, Reinger and Mueller","Chief Assurance Liaison","jlittelfake@russelreingerandmuellerfake.com"
99,"Hassie","Schumm","East Sophie","Colorado","San Marino","Hirthe - Schaefer","Customer Marketing Director","hschummfake@hirthe-schaeferfake.com"
100,"Tyree","Toy","Wildermanfurt","North Carolina","Poland","Shields Inc","Human Brand Administrator","ttoyfake@shieldsincfake.com"